Timestamp,Username,Question,Rating,Sentiment Score,Gemini Response
2024-12-13 10:37:59,John Doe,How would you rate our product?,4,4,"**Brief Response:** The customer is satisfied with the product.

**Sentiment Score:** 5"
2024-12-13 10:38:00,John Doe,How was your experience with our customer service?,5,5,"**Response:** The customer rated the experience 5/5, indicating a highly positive experience.

**Sentiment Score:** 5/5"
2024-12-13 10:38:02,John Doe,Would you recommend our product to others?,3,3,"**Response:** The customer is neutral about the product and may or may not recommend it to others because they have rated it as 3/5.

**Sentiment Score:** 3/5"
2024-12-13 10:46:00,John Doe,How would you rate our product?,4,4,"**Response:** This customer rated our product 4 out of 5.

**Sentiment score:** 4

This sentiment score indicates a positive customer experience. The customer was likely satisfied with the product but may have had some minor issues or suggestions for improvement."
2024-12-13 10:46:02,John Doe,How was your experience with our customer service?,5,5,"**Sentiment Score:** 5 (Most Positive)

**Response:**

The customer was extremely satisfied with their experience with the customer service team and rated it the highest possible score of 5/5. This indicates a very positive sentiment towards the customer service experience."
2024-12-13 10:46:04,John Doe,Would you recommend our product to others?,3,3,"**Response:** The customer is somewhat satisfied with the product but would not highly recommend it to others.

**Sentiment Score:** 3"
2024-12-13 11:15:38,John,How satisfied are you with the product?,4,4,"**Response:** The customer is satisfied with the product but not enthusiastically so.

**Sentiment score:** 3 out of 5"
2024-12-13 11:15:40,John,Would you recommend this to others?,5,5,"**Response:** The customer highly recommends the product or service, giving it a perfect rating of 5/5. The sentiment score is 5, indicating a very positive sentiment."
2024-12-13 12:15:21,John Doe,How would you rate our product?,4,4,"Okay, here's an analysis:

**Analysis:**

* **Rating:** A 4/5 rating indicates a generally positive experience with the product. It suggests satisfaction, but also leaves some room for improvement. The user likely liked the product, but perhaps something minor held them back from a perfect score.

* **Implied Sentiment:** The user is happy overall but not overwhelmingly so. They see the value in the product but might have specific suggestions for refinement.

**Brief Response:**

""Thank you for your positive feedback! We appreciate the 4/5 rating and will look for ways to further improve.""

**Sentiment Score:**

**4**

(A score of 4 reflects the positive but not perfect sentiment conveyed by the rating.)
"
2024-12-13 12:15:23,John Doe,How was your experience with our customer service?,5,5,"Okay, here's the analysis:

**Response:**

""Thank you for the perfect 5/5 rating! We're thrilled to hear you had a great experience with our customer service.""

**Sentiment Score:**

5/5
**Explanation:**

* **Rating:** The customer explicitly gave the highest possible rating (5/5).
* **Response:** The response is positive and enthusiastic, acknowledging their satisfaction.
* **Sentiment:** The feedback is undeniably positive, showing strong satisfaction with the customer service experience. Therefore, the sentiment score is a perfect 5.
"
2024-12-13 12:15:26,John Doe,Would you recommend our product to others?,3,3,"Okay, let's analyze this feedback.

**Analysis:**

*   **Question:** ""Would you recommend our product to others?"" This is a crucial question, as it gauges overall satisfaction and willingness to be an advocate.
*   **Rating: 3/5:** A 3/5 rating indicates a neutral or moderately positive sentiment. It suggests that the user is neither particularly impressed nor displeased with the product. They likely see some value but also some room for improvement. They aren't an advocate or a detractor.
*   **Implied Meaning:** The user isn't enthusiastic enough to recommend the product wholeheartedly, but they also aren't actively warning others against it. They're likely in the ""on the fence"" category.

**Brief Response:**

""Thank you for your feedback. A rating of 3 out of 5 suggests that you see some value in our product, but also some room for improvement. We appreciate your honesty and will use this to help us enhance your experience. ""

**Sentiment Score:**

*   **Sentiment Score: 3**

**Explanation of Sentiment Score:**

A score of 3 reflects the neutrality of the feedback. It's not strongly positive (4 or 5), nor is it negative (1 or 2). It indicates a moderate level of satisfaction without active enthusiasm.

**In Summary:**

This feedback suggests the user is experiencing an average experience with the product. It's a good area for improvement and follow-up to see what the product could do better for the customer to recommend the product.
"
